,time step,fitness
0,10.08,0.0
1,20.28,0.0
2,30.48,0.0
3,40.68,0.0
4,50.88,0.0
5,61.08,0.0
6,71.28,0.0
7,81.48,0.0
8,91.68,0.0
9,101.92,0.0
10,112.12,0.0
11,122.32000000000001,0.0
12,132.52,0.0
13,142.72,0.0
14,152.92000000000002,0.0
