,time step,fitness,xpos,ypos
0,1.08,0.0,-0.08482125115876275,-5.406430215740262e-09
1,2.24,0.0,-0.05002384467871226,-6.947433444896027e-09
