,time step,fitness
0,10.120000000000001,0.0
1,20.32,0.0
2,30.52,0.0
3,40.72,0.0
4,50.92,0.0
5,61.120000000000005,0.0
6,71.32000000000001,0.0
7,81.52,0.0
8,91.72,0.0
9,101.96000000000001,0.0
10,112.16,0.0
11,122.36,0.0
12,132.56,3.0
13,142.76,0.0
14,152.96,0.0
