,time step,fitness,xpos,ypos
0,1.12,0.0,0.25992888976350514,-1.1215409742604291e-09
1,2.2800000000000002,0.0,0.27732629627595373,-8.619358902094052e-09
