,time step,fitness,xpos,ypos
0,1.16,0.0,0.6205288003323174,-1.2980177383742835e-09
1,2.32,0.0,0.6379262068466879,-8.82879418434924e-09
