,agent id,time step,fitness,xpos,ypos
0,1.0,1.08,0.0,-0.11575236435895096,0.00029884468891069383
1,1.0,2.24,0.0,-0.11602168995831665,0.000559026565644796
0,2.0,1.12,0.0,0.25992888976350625,-1.1215377529596762e-09
1,2.0,2.2800000000000002,0.0,0.2773262962759548,-8.619356149926053e-09
0,3.0,1.16,0.0,0.6042316392373551,0.00031843762648112693
1,3.0,2.32,0.0,0.603955648012556,0.0005796789686922797
