,agent id,time step,fitness,xpos,ypos,num col
0,1,2.08,0,-0.05482348694526649,-5.5944796534228e-09,0
0,2,2.12,0,0.2149266539924813,-7.674234218044e-09,0
0,3,2.16,0,0.6040005567740704,0.0005390982682453769,0
