agent id,time step,straight,alternating-left,alternating-right,true random,time since last block,num encounters,size,fitness,size,type,trial,collected,genotype,num better,pos x,pos y
0,30.1,0.25,0.25,0.25,0.25,29,0,5,0.5,5,ga,-1,0,[],6,0.37094546279972146,0.16275965551072744
1,30.1,0.25,0.25,0.25,0.25,30,0,5,0.0,5,ga,-1,0,[],3,0.6820824254852822,0.07747870817019105
2,30.1,0.25,0.25,0.25,0.25,30,0,5,1.0,5,ga,-1,0,[],2,0.11652307856165116,-0.1409785789974071
3,30.1,0.25,0.25,0.25,0.25,30,0,5,0.0,5,ga,-1,0,[],2,0.042168220644159295,0.25196508469828416
4,30.1,0.25,0.25,0.25,0.25,30,0,5,1.0,5,ga,-1,0,[],2,-0.13723790330267285,0.3082918984359921
