agent id,time step,straight,alternating-left,alternating-right,true random,time since last block,num encounters,size,fitness,size,type,trial,collected,genotype,num better,pos x,pos y
0,30.1,0.2647058823529412,0.24509803921568626,0.24509803921568626,0.24509803921568626,26,0,5,2.125,5,ga,-1,1,[],8,0.92367124101821,0.18491717433402818
1,30.1,0.25,0.25,0.25,0.25,30,0,5,0.2,5,ga,-1,0,[],3,-0.09881934252857516,0.061773244818464544
2,30.1,0.25,0.25,0.25,0.25,30,0,5,0,5,ga,-1,0,[],2,0.30720190249286716,-0.11946757308672289
3,30.1,0.25,0.25,0.25,0.25,29,0,5,0.16666666666666666,5,ga,-1,0,[],2,0.9096467082674613,0.09995822123794383
4,30.1,0.25,0.25,0.25,0.25,29,0,5,0.125,5,ga,-1,0,[],4,-0.15134471804018285,-0.04566455115828715
0,60.14,0.2647058823529412,0.24509803921568626,0.24509803921568626,0.24509803921568626,26,0,5,2.0714285714285716,5,ga,-1,1,['0001001111', '11010', '000111110000101011100101110100', '01110', ''],1,0.8997826497002555,0.2235018991239362
1,60.14,0.25,0.25,0.25,0.25,60,0,5,0.5,5,ga,-1,0,['1011001111', '00110', '110100111110001001010101110100', '10100', ''],0,-0.09895311587720335,-0.0546705539135592
2,60.14,0.25,0.25,0.25,0.25,60,0,5,1.0,5,ga,-1,0,['1010010010', '10001', '111011011110010000000001110101', '01010', ''],0,0.15575898727292006,0.031986865092115416
3,60.14,0.25,0.25,0.25,0.25,58,0,5,0.5,5,ga,-1,0,['1100000010', '11000', '000001101100100111010010001000', '00001', ''],1,0.8694990080628935,0.09298838125881978
4,60.14,0.25,0.25,0.25,0.25,59,0,5,1.0,5,ga,-1,0,['0001001111', '11010', '000111110000101011100101110100', '01110', ''],0,0.6018730443077668,0.10670503606931314
