agent id,time step,straight,alternating-left,alternating-right,true random,time since last block,num encounters,size,fitness,size,type,trial,collected,genotype,num better,pos x,pos y
0,10.1,0.25,0.25,0.25,0.25,10,0,5,0.0,5,ga,-1,0,[],4,0.28704952120924415,0.3600734249072552
1,10.1,0.25,0.25,0.25,0.25,10,0,5,1.0,5,ga,-1,0,[],1,-0.06836041304691022,-0.07204068890982854
3,10.1,0.25,0.25,0.25,0.25,10,0,5,0.0,5,ga,-1,0,[],1,0.2707878519924455,0.09998247704754595
2,10.1,0.25,0.25,0.25,0.25,10,0,5,0.0,5,ga,-1,0,[],1,0.15574571887998886,-0.2703724460061474
4,10.1,0.25,0.25,0.25,0.25,10,0,5,0.5,5,ga,-1,0,[],2,-0.13282406641248123,-0.008632794551653993
