agent id,time step,straight,alternating-left,alternating-right,true random,time since last block,size,fitness,size,type
0,30.69,0.25,0.25,0.25,0.25,28,-5,1.0,-5,ga
1,30.69,0.25,0.25,0.25,0.25,30,-5,0,-5,ga
2,30.69,0.25,0.25,0.25,0.25,30,-5,1.0,-5,ga
3,30.69,0.2647058823529412,0.24509803921568626,0.24509803921568626,0.24509803921568626,2,-5,2,-5,ga
4,30.69,0.25,0.25,0.25,0.25,27,-5,0.3333333333333333,-5,ga
1,38.93,0.25,0.25,0.25,0.25,38,-5,0,-5,ga
2,50.370000000000005,0.25,0.25,0.25,0.25,50,-5,0,-5,ga
