agent id,time step,straight,alternating-left,alternating-right,true random,time since last block,size,fitness,size,type
3,19.580000000000002,0.25,0.25,0.25,0.25,19,-5,0,-5,ga
0,30.740000000000002,0.2647058823529412,0.24509803921568626,0.24509803921568626,0.24509803921568626,1,-5,3.0,-5,ga
1,30.740000000000002,0.25,0.25,0.25,0.25,0,-5,1.0,-5,ga
2,30.740000000000002,0.2647058823529412,0.24509803921568626,0.24509803921568626,0.24509803921568626,8,-5,0.5,-5,ga
3,30.740000000000002,0.25,0.25,0.25,0.25,30,-5,1.0,-5,ga
4,30.740000000000002,0.25,0.25,0.25,0.25,0,-5,1.0,-5,ga
