agent id,time step,straight,alternating-left,alternating-right,true random,time since last block,num encounters,size,fitness,size,type,trial,collected,genotype,num better,pos x,pos y
0,30.1,0.2647058823529412,0.24509803921568626,0.24509803921568626,0.24509803921568626,18,0,5,2,5,ga,-1,1,[],5,0.03735102528112583,0.10831301365630953
1,30.1,0.24509803921568626,0.24509803921568626,0.24509803921568626,0.2647058823529412,30,0,5,0,5,ga,-1,0,[],2,0.6132769813365829,-0.07179627080082755
2,30.1,0.25,0.25,0.25,0.25,30,0,5,0,5,ga,-1,0,[],2,0.300981423327833,-0.2691911701711309
3,30.1,0.25,0.25,0.25,0.25,30,0,5,0,5,ga,-1,0,[],2,0.6441968026344402,0.25017032679875906
4,30.1,0.25,0.25,0.25,0.25,30,0,5,1.0,5,ga,-1,0,[],2,0.023553539617640964,0.3115349401706078
