agent id,time step,straight,alternating-left,alternating-right,true random,time since last block,num encounters,size,fitness,size,type,trial,collected,genotype,num better,pos x,pos y
0,30.1,0.25,0.25,0.25,0.25,30,0,5,0.5,5,ga,-1,0,[],7,0.28583131750863017,-0.03970682898743264
1,30.1,0.25,0.25,0.25,0.25,29,0,5,0.25,5,ga,-1,0,[],3,0.18196085246447768,-0.1125844488156918
2,30.1,0.25,0.25,0.25,0.25,29,0,5,1.0,5,ga,-1,0,[],2,0.9094138425129467,-0.23248070085940964
3,30.1,0.25,0.25,0.25,0.25,29,0,5,1.0,5,ga,-1,0,[],2,0.1936475018201355,0.29350398781079134
4,30.1,0.25,0.25,0.25,0.25,30,0,5,0.5,5,ga,-1,0,[],3,-0.13176565045907193,0.29316374242595344
