agent id,time step,straight,alternating-left,alternating-right,true random,time since last block,size,fitness,size,type,trial,collected
0,20.330000000000002,0.25,0.25,0.25,0.25,20,-5,0,-5,ga,0,0
1,20.330000000000002,0.25,0.25,0.25,0.25,20,-5,1.0,-5,ga,0,0
2,20.330000000000002,0.25,0.25,0.25,0.25,20,-5,0,-5,ga,0,0
3,20.330000000000002,0.25,0.25,0.25,0.25,19,-5,1.0,-5,ga,0,0
4,20.330000000000002,0.25,0.25,0.25,0.25,20,-5,1.0,-5,ga,0,0
