agent id,time step,straight,alternating-left,alternating-right,true random,time since last block,num encounters,size,fitness,size,type,trial,collected,genotype,num better,pos x,pos y
0,10.1,0.25,0.25,0.25,0.25,10,0,5,1.0,5,ga,-1,0,[],3,0.3742178407974818,0.1251755215702933
1,10.1,0.25,0.25,0.25,0.25,10,0,5,0.0,5,ga,-1,0,[],1,-0.07114003874156474,0.17945358560319158
3,10.1,0.25,0.25,0.25,0.25,10,0,5,0.0,5,ga,-1,0,[],1,0.042212803782138236,0.22158396867956523
2,10.1,0.25,0.25,0.25,0.25,10,0,5,0.0,5,ga,-1,0,[],1,0.30221280378191206,-0.1484160313204051
4,10.1,0.25,0.25,0.25,0.25,10,0,5,1.0,5,ga,-1,0,[],1,-0.1392615119846678,0.0067074439038626995
