agent id,time step,straight,alternating-left,alternating-right,true random,time since last block,num encounters,size,fitness,size,type,trial,collected,genotype,num better,pos x,pos y
0,30.1,0.24509803921568626,0.24509803921568626,0.24509803921568626,0.2647058823529412,30,0,5,0,5,ga,-1,0,[],7,0.28758393251050646,-0.6618620502480129
2,30.1,0.24509803921568626,0.24509803921568626,0.24509803921568626,0.2647058823529412,30,0,5,1.0,5,ga,-1,0,[],3,0.15704487352282825,-0.9499868780917903
1,30.1,0.2647058823529412,0.24509803921568626,0.24509803921568626,0.24509803921568626,22,0,5,2,5,ga,-1,1,[],4,-0.06370522228136737,-0.19963560280533388
3,30.1,0.24509803921568626,0.24509803921568626,0.24509803921568626,0.2647058823529412,29,0,5,1.0,5,ga,-1,0,[],3,0.5218668622180938,0.06157491433627283
4,30.1,0.25,0.25,0.25,0.25,28,0,5,0.5,5,ga,-1,0,[],3,-0.14371165098460081,0.42635350540105754
0,60.14,0.24509803921568626,0.24509803921568626,0.24509803921568626,0.2647058823529412,60,0,5,0,5,ga,-1,0,['1011001111', '00110', '110100111110001001010101110100', '10100', ''],0,0.4982647860536195,-0.451511675291114
1,60.14,0.4,0.2,0.2,0.2,21,0,5,2,5,ga,-1,1,['1011001111', '00110', '110100111110001001010101110100', '10100', ''],0,-0.004566281238361726,-0.7503037214400841
2,60.14,0.24509803921568626,0.24509803921568626,0.24509803921568626,0.2647058823529412,60,0,5,0,5,ga,-1,0,['1001010010', '10101', '001100100001010001100101110101', '01100', ''],0,0.193573422762915,-0.9503017516190564
3,60.14,0.24509803921568626,0.24509803921568626,0.24509803921568626,0.2647058823529412,59,0,5,0,5,ga,-1,0,['1001010010', '10101', '001100100001010001100101110101', '01100', ''],0,0.6594140998877084,0.10498092075634752
4,60.14,0.2647058823529412,0.24509803921568626,0.24509803921568626,0.24509803921568626,1,0,5,2,5,ga,-1,1,['1001010010', '10101', '001100100001010001100101110101', '01100', ''],0,-0.0007259537820689626,0.03721366614265842
