agent id,time step,straight,alternating-left,alternating-right,true random,time since last block,num encounters,size,fitness,size,type,trial,collected,genotype,num better,pos x,pos y
0,30.1,0.25,0.25,0.25,0.25,30,0,5,1.0,5,ga,-1,0,[],7,0.907988832155301,0.4301575191097756
1,30.1,0.25,0.25,0.25,0.25,30,0,5,0.1111111111111111,5,ga,-1,0,[],3,0.38300342906667184,-0.07192741593421902
2,30.1,0.25,0.25,0.25,0.25,30,0,5,0.0,5,ga,-1,0,[],2,0.6070267961807638,0.29840818833373106
3,30.1,0.25,0.25,0.25,0.25,30,0,5,0.0,5,ga,-1,0,[],2,0.04411032713611889,0.25068476844288395
4,30.1,0.25,0.25,0.25,0.25,30,0,5,0.1,5,ga,-1,0,[],3,0.16893947421953495,0.24539827224626526
