agent id,time step,straight,alternating-left,alternating-right,true random,time since last block,size,fitness,size,type,trial,collected,potential time
0,15.1,0.25,0.25,0.25,0.25,15,0,5,0,5,ga,0,0,[],5,0.29000070884623075,0.09080573860538056
2,15.1,0.25,0.25,0.25,0.25,15,0,5,0,5,ga,0,0,[],2,0.16480590791298008,-0.2700059555015671
3,15.1,0.25,0.25,0.25,0.25,15,0,5,0,5,ga,0,0,[],2,-0.09999928959949175,0.10080573620153896
1,15.1,0.25,0.25,0.25,0.25,15,0,5,0,5,ga,0,0,[],2,-0.07160651878880393,-0.07197640954884424
4,15.1,0.25,0.25,0.25,0.25,15,0,5,1.0,5,ga,0,0,[],2,-0.10800103934893045,-0.03792255329461475
0,30.14,0.25,0.25,0.25,0.25,30,0,5,0,5,ga,0,0,['0001001111', '10010', '000111110000101011100101110100', '00010', ''],0,0.29377323849614145,0.08595538565419512
1,30.14,0.25,0.25,0.25,0.25,30,0,5,0,5,ga,0,0,['1001111000', '01101', '110100111110001001010110011011', '11001', ''],0,-0.07586395531277594,-0.07765072134543093
2,30.14,0.25,0.25,0.25,0.25,30,0,5,0,5,ga,0,0,['1010010010', '11001', '111011011110010100000001110101', '00110', ''],0,0.1656294307323171,-0.2699973344095906
3,30.14,0.25,0.25,0.25,0.25,30,0,5,0,5,ga,0,0,['1100000010', '10000', '000001101100100011010010001000', '01101', ''],0,-0.09622676225687217,0.09595537115859853
4,30.14,0.25,0.25,0.25,0.25,30,0,5,1.0,5,ga,0,0,['0001001111', '10010', '000111110000101011100101110100', '00010', ''],0,-0.1008606094694533,-0.030505021172503245
