agent id,time step,straight,alternating-left,alternating-right,true random,time since last block,size,fitness,size,type,trial,collected,potential time
0,15.1,0.25,0.25,0.25,0.25,15,0,5,0,5,ga,0,0,[],5,0.2961414332872877,0.08892920885248644
1,15.1,0.25,0.25,0.25,0.25,14,0,5,1.0,5,ga,0,0,[],2,-0.07003270076002248,-0.07172699668408836
2,15.1,0.25,0.25,0.25,0.25,15,0,5,0,5,ga,0,0,[],2,0.15972093516090113,-0.2706054816309987
3,15.1,0.25,0.25,0.25,0.25,15,0,5,0,5,ga,0,0,[],2,-0.09519413986559828,0.0999940438468481
4,15.1,0.25,0.25,0.25,0.25,15,0,5,1.0,5,ga,0,0,[],2,-0.1071268572261272,-0.03820893042033099
