agent id,time step, time since last block,size,collisions,type,collected,pos x,pos y
1,10.07,0,5,0,pso-pugh,0,-0.21203301993023743,-0.03785899606304441
0,10.07,0,5,0,pso-pugh,0,0.040719804160065216,-0.07616336898570657
2,10.07,0,5,2,pso-pugh,0,-0.051392578785678884,-0.037644599000520376
3,10.07,0,5,0,pso-pugh,0,0.15796680144185454,-0.06785900998783692
4,10.07,0,5,0,pso-pugh,0,0.31229550477627305,-0.15001915497499002
